[{"title": "Correlation Analysis", "message": " "}, {"title": "hotel_bookings correlation:", "message": "The correlation between stays_in_weekend_nights and stays_in_week_nights is 0.50 //"}, {"title": "data_profiling_before:", "message": "The correlation between stays_in_weekend_nights and stays_in_week_nights is 0.76 //\nThe correlation between children and adr is 0.66 //\nThe correlation between previous_cancellations and previous_bookings_not_canceled is 0.94 //\nThe correlation between previous_bookings_not_canceled and adr is -0.43 //"}, {"title": "Null counts in each column:", "message": "<table class=\"dataframe my-table\">\n  <thead>\n    <tr style=\"text-align: right;\">\n      <th>Column Name</th>\n      <th>Null Count</th>\n    </tr>\n  </thead>\n  <tbody>\n    <tr>\n      <td>booking_id</td>\n      <td>0</td>\n    </tr>\n    <tr>\n      <td>hotel</td>\n      <td>0</td>\n    </tr>\n    <tr>\n      <td>is_canceled</td>\n      <td>0</td>\n    </tr>\n    <tr>\n      <td>lead_time</td>\n      <td>0</td>\n    </tr>\n    <tr>\n      <td>arrival_date_year</td>\n      <td>0</td>\n    </tr>\n    <tr>\n      <td>arrival_date_month</td>\n      <td>0</td>\n    </tr>\n    <tr>\n      <td>arrival_date_week_number</td>\n      <td>0</td>\n    </tr>\n    <tr>\n      <td>arrival_date_day_of_month</td>\n      <td>0</td>\n    </tr>\n    <tr>\n      <td>stays_in_weekend_nights</td>\n      <td>0</td>\n    </tr>\n    <tr>\n      <td>stays_in_week_nights</td>\n      <td>0</td>\n    </tr>\n    <tr>\n      <td>adults</td>\n      <td>0</td>\n    </tr>\n    <tr>\n      <td>children</td>\n      <td>0</td>\n    </tr>\n    <tr>\n      <td>babies</td>\n      <td>0</td>\n    </tr>\n    <tr>\n      <td>meal</td>\n      <td>0</td>\n    </tr>\n    <tr>\n      <td>country</td>\n      <td>0</td>\n    </tr>\n    <tr>\n      <td>market_segment</td>\n      <td>0</td>\n    </tr>\n    <tr>\n      <td>distribution_channel</td>\n      <td>0</td>\n    </tr>\n    <tr>\n      <td>is_repeated_guest</td>\n      <td>0</td>\n    </tr>\n    <tr>\n      <td>previous_cancellations</td>\n      <td>0</td>\n    </tr>\n    <tr>\n      <td>previous_bookings_not_canceled</td>\n      <td>0</td>\n    </tr>\n    <tr>\n      <td>reserved_room_type</td>\n      <td>0</td>\n    </tr>\n    <tr>\n      <td>assigned_room_type</td>\n      <td>0</td>\n    </tr>\n    <tr>\n      <td>booking_changes</td>\n      <td>0</td>\n    </tr>\n    <tr>\n      <td>deposit_type</td>\n      <td>0</td>\n    </tr>\n    <tr>\n      <td>agent</td>\n      <td>0</td>\n    </tr>\n    <tr>\n      <td>days_in_waiting_list</td>\n      <td>0</td>\n    </tr>\n    <tr>\n      <td>customer_type</td>\n      <td>0</td>\n    </tr>\n    <tr>\n      <td>adr</td>\n      <td>0</td>\n    </tr>\n    <tr>\n      <td>required_car_parking_spaces</td>\n      <td>0</td>\n    </tr>\n    <tr>\n      <td>total_of_special_requests</td>\n      <td>0</td>\n    </tr>\n    <tr>\n      <td>reservation_status</td>\n      <td>0</td>\n    </tr>\n    <tr>\n      <td>reservation_status_date</td>\n      <td>0</td>\n    </tr>\n    <tr>\n      <td>arrival_date</td>\n      <td>0</td>\n    </tr>\n    <tr>\n      <td>booking_date</td>\n      <td>0</td>\n    </tr>\n  </tbody>\n</table>"}, {"title": "Number of categorical columns", "message": "\nCount of categorical columns: 12"}, {"title": "Number of numerical columns", "message": "Count of numerical columns: 11"}, {"title": "Number of binary columns", "message": "Count of binary columns: 3"}, {"title": "Check for outliers --> 4 x standard deviation ", "message": "<table class=\"dataframe my-table\">\n  <thead>\n    <tr style=\"text-align: right;\">\n      <th>Message</th>\n    </tr>\n  </thead>\n  <tbody>\n    <tr>\n      <td>Booking ID 39737 outlier values: {'stays_in_week_nights': 10}</td>\n    </tr>\n    <tr>\n      <td>Booking ID 94397 outlier values: {'previous_cancellations': 5, 'previous_bookings_not_canceled': 18}</td>\n    </tr>\n  </tbody>\n</table>"}, {"title": "T-TEST RESULTS. Significantly different columns", "message": "<table class=\"dataframe my-table\">\n  <thead>\n    <tr style=\"text-align: right;\">\n      <th>Feature</th>\n      <th>P-value (T-test)</th>\n      <th>Old Mean</th>\n      <th>New Mean</th>\n      <th>Percentage Change</th>\n    </tr>\n  </thead>\n  <tbody>\n    <tr>\n      <td>lead_time</td>\n      <td>1.396399e-65</td>\n      <td>104.915646</td>\n      <td>11.258065</td>\n      <td>-89.269413</td>\n    </tr>\n    <tr>\n      <td>babies</td>\n      <td>3.308886e-172</td>\n      <td>0.007938</td>\n      <td>0.000000</td>\n      <td>-100.000000</td>\n    </tr>\n    <tr>\n      <td>adr</td>\n      <td>8.444194e-11</td>\n      <td>101.573857</td>\n      <td>170.185161</td>\n      <td>67.548193</td>\n    </tr>\n    <tr>\n      <td>total_of_special_requests</td>\n      <td>7.473223e-04</td>\n      <td>0.569249</td>\n      <td>1.048387</td>\n      <td>84.170257</td>\n    </tr>\n  </tbody>\n</table>"}, {"title": "K-S TEST RESULTS. Significantly different columns", "message": "<table class=\"dataframe my-table\">\n  <thead>\n    <tr style=\"text-align: right;\">\n      <th>Feature</th>\n      <th>P-value (K-S test)</th>\n    </tr>\n  </thead>\n  <tbody>\n    <tr>\n      <td>lead_time</td>\n      <td>3.809499e-29</td>\n    </tr>\n    <tr>\n      <td>adr</td>\n      <td>2.854676e-25</td>\n    </tr>\n    <tr>\n      <td>total_of_special_requests</td>\n      <td>4.322105e-03</td>\n    </tr>\n  </tbody>\n</table>"}, {"title": "CHI SQUARED RESULTS for categorical columns. Significantly different columns", "message": "<table class=\"dataframe my-table\">\n  <thead>\n    <tr style=\"text-align: right;\">\n      <th>Feature</th>\n      <th>P-value</th>\n    </tr>\n  </thead>\n  <tbody>\n    <tr>\n      <td>reserved_room_type</td>\n      <td>0.008154</td>\n    </tr>\n  </tbody>\n</table>"}]